{
  "project_info": {
    "project_number": "36657979298",
    "firebase_url": "https://androidprojeson-default-rtdb.firebaseio.com",
    "project_id": "androidprojeson",
    "storage_bucket": "androidprojeson.firebasestorage.app"
  },
  "client": [
    {
      "client_info": {
        "mobilesdk_app_id": "1:36657979298:android:9ee524dca6eddc385c1cfb",
        "android_client_info": {
          "package_name": "com.example.yeniproje"
        }
      },
      "oauth_client": [
        {
          "client_id": "36657979298-k94blhr3f1lub5ant8foo5bi0uube8gm.apps.googleusercontent.com",
          "client_type": 1,
          "android_info": {
            "package_name": "com.example.yeniproje",
            "certificate_hash": "b08f08ea6f75a28e5bf8eff8a9dd05d18a276d39"
          }
        },
        {
          "client_id": "36657979298-4qbp8qsvttfnv822qh1lt3bni65jsbpt.apps.googleusercontent.com",
          "client_type": 3
        }
      ],
      "api_key": [
        {
          "current_key": "AIzaSyAQ45YQH8hqh17xfZxmt8nExh0LpXTdGhc"
        }
      ],
      "services": {
        "appinvite_service": {
          "other_platform_oauth_client": [
            {
              "client_id": "36657979298-4qbp8qsvttfnv822qh1lt3bni65jsbpt.apps.googleusercontent.com",
              "client_type": 3
            }
          ]
        }
      }
    }
  ],
  "configuration_version": "1"
}